<ui>
	<menubar>
		<menu action="file_menu">
			<menuitem action="save"/>
			<separator/>
			<menuitem action="quit"/>
		</menu>
		<menu action="edit_menu"/>
		<menu action="view_menu"/>
		<menu action="camera_menu">
            <menuitem action="choose_camera"/>
            <menuitem action="configure_camera"/>
            <menuitem action="find_resolution"/>
            <separator/>
			<menuitem action="take_photo"/>
			<menuitem action="take_video"/>
		</menu>
		<menu action="math_menu"/>
		<menu action="help_menu">
			<menuitem action="about"/>
		</menu>
	</menubar>
	<toolbar>
		<toolitem action="save"/>
		<separator/>
		<toolitem action="take_photo"/>
		<toolitem action="take_video"/>
	</toolbar>
</ui>
